relative_sample,time_ms,AECG1,AECG2,AECG3,AECG4
-400,-200.0,0.43963361639418785,0.6099551765756438,0.8984835711949283,0.7806728836772986
-399,-199.5,0.39191552568827,0.5427194774396535,0.7800372167471595,0.7289027459460851
-398,-199.0,0.376464418572942,0.4671793675696025,0.6428550968834874,0.6405491906036173
-397,-198.5,0.32862420402630016,0.38466730042366154,0.4473655452885631,0.537156103200724
-396,-198.0,0.16203403866137744,0.1929387703256495,0.17038656279183975,0.34416020869447833
-395,-197.5,-0.009199442928609441,-0.011456744633480394,-0.11509426754513319,0.15658261069366028
-394,-197.0,-0.20447200206909172,-0.20760772018081913,-0.3870381076870975,-0.025924296022835087
-393,-196.5,-0.29581030627221777,-0.4207952616830946,-0.6272856442723513,-0.19645707368391924
-392,-196.0,-0.5698637640541464,-0.5689557412206827,-0.8122697080526776,-0.33534850543745603
-391,-195.5,-0.7396827195445919,-0.6477784763250605,-0.9378958963753772,-0.4214569937350589
-390,-195.0,-0.8670298511836694,-0.663208426768074,-0.9953595902359281,-0.45700322616392
-389,-194.5,-0.9402828452741387,-0.6142988258287027,-0.9797234919637957,-0.4449038567668364
-388,-194.0,-0.9526197561756709,-0.511017200603424,-0.9032552659840236,-0.3947993316694167
-387,-193.5,-0.9030320925185227,-0.3709075120432545,-0.7871546692819521,-0.315994900722006
-386,-193.0,-0.7963123316297069,-0.21306666874260624,-0.6456661449152985,-0.21573344539416964
-385,-192.5,-0.6427633199608562,-0.05378943078267413,-0.48699468455514283,-0.10383840799978322
-384,-192.0,-0.4591615543940667,0.09463236863661655,-0.3251723485984191,0.006096795468716918
-383,-191.5,-0.2672979657148026,0.22277181282954178,-0.17845219736792056,0.1025503553095484
-382,-191.0,-0.08665750035367976,0.32317823790530675,-0.05514583592261778,0.18088653232572646
-381,-190.5,0.07219612095571898,0.39259450693039133,0.04940113789932828,0.2415603262826386
-380,-190.0,0.20456421600671248,0.4357412029259836,0.14063970405143258,0.28623615656253
-379,-189.5,0.3040059369524687,0.4647426166071343,0.21885052295094345,0.3169610186906185
-378,-189.0,0.36606965303437694,0.4938477908943293,0.2857656726055398,0.34132846239143205
-377,-188.5,0.43493078815726466,0.5651554525170973,0.3910937401336858,0.35598819111155944
-376,-188.0,0.44223393644823206,0.6129433239746929,0.4672448536228759,0.37016561414002724
-375,-187.5,0.44774153278227447,0.6748017956079734,0.5506726003432266,0.38998275345111644
-374,-187.0,0.4588745694306896,0.7493220613003649,0.6340867362440854,0.4172362472384079
-373,-186.5,0.47635824616328737,0.829042691342301,0.7134434223574734,0.4485810789506472
-372,-186.0,0.5211245653940659,0.9149831796054549,0.8127872973186423,0.4840509760183615
-371,-185.5,0.5568246105724902,0.9761922369623703,0.8745570395778492,0.510256543504043
-370,-185.0,0.6563092991675488,1.051169818437911,0.9010408040006236,0.5462720800441484
-369,-184.5,0.7884645969595381,1.146159553197073,0.9111581037850419,0.5559922822086422
-368,-184.0,0.8057488368872676,1.1198286334796193,0.8818836965859147,0.539752762572778
-367,-183.5,0.7943504128621627,1.0203948817455615,0.7624622055453244,0.4703817152934484
-366,-183.0,0.7653421669482925,0.9193555161841526,0.6578784142865607,0.4050158597587838
-365,-182.5,0.7024017733855684,0.7915789103211808,0.5258251099836732,0.32112110710981767
-364,-182.0,0.6031913739658752,0.6429011358415523,0.37639127885856943,0.21760001250194677
-363,-181.5,0.4739775788978183,0.47399306033174277,0.2310432541233629,0.08712637459780415
-362,-181.0,0.3236676018877523,0.3078265339352477,0.08318140726449412,-0.04912728382438297
-361,-180.5,0.19442781025637226,0.17606116713128706,-0.06012974789830051,-0.1802001719946054
-360,-180.0,0.0381833694832253,0.03464673938723737,-0.16001049394453967,-0.3033429463439287
-359,-179.5,-0.10012680646369046,-0.08670428468096321,-0.22773899882120088,-0.40505468690276986
-358,-179.0,-0.2501718387969608,-0.22125058900307684,-0.2879258804120578,-0.48668187607462865
-357,-178.5,-0.33067036879625733,-0.2970220963436401,-0.2964247418222912,-0.5345280278791472
-356,-178.0,-0.37631530229250726,-0.3465725139710871,-0.28419709348755756,-0.5485627581193919
-355,-177.5,-0.38519429154888474,-0.3718659156501309,-0.26317124266787356,-0.5283188256432855
-354,-177.0,-0.3626722593875736,-0.3773291801230871,-0.24207227862084185,-0.4795490146002253
-353,-176.5,-0.3278238842421973,-0.36946736393199736,-0.22626652567198857,-0.4140860286745371
-352,-176.0,-0.2821747540916024,-0.35081800586443523,-0.22480960193120222,-0.33749133840367546
-351,-175.5,-0.2373582841850737,-0.3288619838049106,-0.2442550412099215,-0.2599205893672652
-350,-175.0,-0.20576687761313656,-0.3232548809181312,-0.284525532107954,-0.19157571777364285
-349,-174.5,-0.1812437290911367,-0.31258956833746004,-0.3426334588156094,-0.14415233684185436
-348,-174.0,-0.1785838263899684,-0.31159220536149823,-0.407779257068276,-0.1220192749413271
-347,-173.5,-0.19656687168468573,-0.3187805079173468,-0.4693635667190763,-0.12108021429568956
-346,-173.0,-0.22831931760239715,-0.3327887206985752,-0.5145988158824842,-0.13614091063573114
-345,-172.5,-0.2704996409936421,-0.35330275025943836,-0.5304700639823713,-0.16621093890518895
-344,-172.0,-0.3223923103387207,-0.377903143666239,-0.5091205444285715,-0.20799476057010768
-343,-171.5,-0.377455503973825,-0.40040316293975486,-0.4491321831570431,-0.24912140001919483
-342,-171.0,-0.42386175625268535,-0.4146174901426572,-0.3514774422424489,-0.2752121626454827
-341,-170.5,-0.4548791675935177,-0.4184620918491826,-0.21807781288831912,-0.28158322921587614
-340,-170.0,-0.4756845144454792,-0.41219341112214225,-0.05558695893557343,-0.26814674100771047
-339,-169.5,-0.47999308004300867,-0.3953961310969381,0.12348429604023357,-0.2413549391733035
-338,-169.0,-0.4693641092705469,-0.36932119806474734,0.30351431898719783,-0.19725227942013565
-337,-168.5,-0.45445742431965125,-0.3353363427391993,0.4641026367794272,-0.1383946741761185
-336,-168.0,-0.39687383326359676,-0.28512739975416457,0.6201325431480772,-0.08034543803136696
-335,-167.5,-0.34926810115759693,-0.26744017728865055,0.7269713338925156,-0.04518474457006713
-334,-167.0,-0.2950033426216521,-0.2596108855671057,0.7962620787193941,-0.02283422745416692
-333,-166.5,-0.2311676736641642,-0.26064013575023076,0.8326857265059684,-0.013011019143949028
-332,-166.0,-0.16779297707131036,-0.2814773986809624,0.8348505801010865,-0.02260890101599544
-331,-165.5,-0.10326208708265339,-0.30073261921116506,0.807009426026965,-0.06012250027297431
-330,-165.0,-0.025225175643848696,-0.31607425167486997,0.7504820468951107,-0.11283995906071624
-329,-164.5,0.04516709572960043,-0.332027380105669,0.6880962796649442,-0.16913795105544135
-328,-164.0,0.11977476504132697,-0.3345668691109927,0.6224162720829703,-0.22642937435780053
-327,-163.5,0.18731851610884867,-0.3302793204188808,0.5578457522861565,-0.2819581651340753
-326,-163.0,0.2862237079899132,-0.27710168184972145,0.4468577050172668,-0.3029312001331884
-325,-162.5,0.38332104103050896,-0.22026411891916728,0.38212655540494295,-0.33560169941182266
-324,-162.0,0.41680603173517683,-0.20350043485813785,0.3200925998560508,-0.3655433425080013
-323,-161.5,0.4293142567523377,-0.1822046841518749,0.26202884299260804,-0.3942100540070064
-322,-161.0,0.4192731186860874,-0.1647331653822816,0.1972721270816531,-0.42282608443403247
-321,-160.5,0.39102981483542604,-0.16208483820078265,0.12120976511921866,-0.4459670172165908
-320,-160.0,0.35003673627855536,-0.1766280686718892,0.037400056004229736,-0.4616723364950786
-319,-159.5,0.32440145779872476,-0.18939648962008418,-0.023390788537957403,-0.44805934541522713
-318,-159.0,0.26593425641139307,-0.2112393279395634,-0.12599950957052275,-0.4603200466966851
-317,-158.5,0.20574672878064929,-0.22913247343580764,-0.23735947131186308,-0.46479448629509484
-316,-158.0,0.15107629216499058,-0.2435932894544753,-0.34937542027761637,-0.45070525309582515
-315,-157.5,0.0960499012021444,-0.2753447294412527,-0.5147233483278707,-0.4382650292483187
-314,-157.0,0.06565108328244483,-0.26905562041856596,-0.6137710402731661,-0.3776439946021972
-313,-156.5,0.0490288543737088,-0.24528389225407665,-0.7008197505943701,-0.2898975659380785
-312,-156.0,0.0305740308481314,-0.21152596699742557,-0.7695639022177987,-0.15642194864086148
-311,-155.5,0.035762503942272914,-0.15878422172447404,-0.808998713882453,-0.023903726025919156
-310,-155.0,0.04890406758590596,-0.09453149350065404,-0.8207013200342046,0.12202258825352413
-309,-154.5,0.06468402263441866,-0.025967997025696132,-0.8061099020732257,0.2748953453791415
-308,-154.0,0.07763371321423043,0.03872663396173789,-0.7613778293576474,0.42634868184897107
-307,-153.5,0.06697215280889665,0.09178172207247266,-0.6879783586140329,0.567059286689895
-306,-153.0,0.07365080032298045,0.1470545911184508,-0.5721800211610903,0.6896791779444745
-305,-152.5,0.07576416206470626,0.19770736500222053,-0.4273705577929089,0.7897730533973596
-304,-152.0,0.03552676791713268,0.1519203390162923,-0.2926036804636241,0.8336338657678711
-303,-151.5,-0.018868227804783252,0.09098443359881594,-0.1562081607925103,0.8430047877275256
-302,-151.0,-0.049383942840322576,0.11727315501861219,0.030319627106156457,0.8588858502533423
-301,-150.5,-0.0826799468417425,0.15029091855218982,0.22111134659929613,0.8633289496943677
-300,-150.0,-0.11712862088890091,0.18877255864441567,0.40587410931070544,0.8597125400890092
-299,-149.5,-0.15461735220135764,0.23026172740796882,0.5767736124296138,0.8493443457648757
-298,-149.0,-0.193385545952271,0.27612003077057323,0.7266064298579756,0.8365478446871791
-297,-148.5,-0.2270513312976733,0.32730393600199403,0.8488007516687497,0.8270213214039642
-296,-148.0,-0.2510646128463294,0.38043530940598896,0.9406653037573254,0.8219679047278606
-295,-147.5,-0.2739681301320742,0.42321027071583306,1.0039553688039646,0.8118278453837966
-294,-147.0,-0.2745037180634104,0.47520159173239634,1.0473080385995917,0.8141581503861612
-293,-146.5,-0.255841210539006,0.5218240947017136,1.0726361470001922,0.8187920370564091
-292,-146.0,-0.17538495980834704,0.6027109616390087,1.107648489085235,0.8429059584846097
-291,-145.5,-0.11970783286866712,0.6301851984167285,1.1213056865221813,0.8558330985064603
-290,-145.0,-0.007622350976012458,0.6648424476877491,1.057995615681349,0.8823115091939914
-289,-144.5,0.07856217776782937,0.6783670574347485,1.0570918286737845,0.8899826712137942
-288,-144.0,0.1814656583805127,0.6877835543738803,1.0548269352564077,0.9011612661666614
-287,-143.5,0.2719389994333956,0.681473867603219,1.0495828837273862,0.9149685176954839
-286,-143.0,0.36963301233991164,0.686197659364367,1.0360902070948066,0.9270831722182084
-285,-142.5,0.4513739111574509,0.6894386775459446,1.006203055828825,0.9345581714903266
-284,-142.0,0.5179491904758717,0.6858043298282012,0.9537042098407867,0.9364631521539712
-283,-141.5,0.5657322354081243,0.6701594879999682,0.8785179103321809,0.9300350764913665
-282,-141.0,0.5839718213956104,0.6420773696646477,0.7848208736925681,0.9099061732194519
-281,-140.5,0.5660660625892052,0.6024280727957539,0.677244024570331,0.8714673325757947
-280,-140.0,0.5169771693588563,0.5489441315396293,0.5607549842434134,0.81347634554268
-279,-139.5,0.4294612957697845,0.4535611166956297,0.34460946870552545,0.7217141007283137
-278,-139.0,0.34034979307377866,0.36480613562655856,0.22424000046939185,0.6268635086822516
-277,-138.5,0.23554856285614847,0.26303519218122395,0.12295403947911338,0.5230717565900942
-276,-138.0,0.12063811501310832,0.15208402719956798,0.04840064547678302,0.4157378718668205
-275,-137.5,0.00038260943881910286,0.0363004142042559,0.008738036484848758,0.30980028002053805
-274,-137.0,-0.10714477034054289,-0.07116959299515697,-0.008983242415453327,0.20984151144971336
-273,-136.5,-0.2028599284515671,-0.16623952385316534,-0.007994725265077348,0.11971112012910987
-272,-136.0,-0.28572720505378835,-0.24819532181590534,0.002375745623297352,0.04311882064988306
-271,-135.5,-0.3561198000818634,-0.31628671932652236,0.015536711413292995,-0.01671413178887408
-270,-135.0,-0.41558113927060386,-0.36541732541661903,0.02680903645503093,-0.058385666315764896
-269,-134.5,-0.46555923563625595,-0.39149609582922584,0.030936807660125444,-0.08454476055578089
-268,-134.0,-0.4721088727650293,-0.3724671895227927,0.02554757904142166,-0.08944741865218876
-267,-133.5,-0.45932260556531457,-0.27843119275748335,0.015976760907427397,-0.09440786615892374
-266,-133.0,-0.48852644158952796,-0.24911710233967133,-0.00798593800441275,-0.09714476191739257
-265,-132.5,-0.5133530678028327,-0.20024987387336513,-0.02876378050724103,-0.08716036974113038
-264,-132.0,-0.543798857787666,-0.13385739074774147,-0.01144218514775548,-0.06571702311213201
-263,-131.5,-0.5385531862450046,-0.06263296705564361,0.00970522926676057,-0.03168059655905503
-262,-131.0,-0.5203140879375461,0.011913032761380412,0.054517838317917934,0.011302006757940918
-261,-130.5,-0.477668336100382,0.10292800926648533,0.12173715132500723,0.08069984496880486
-260,-130.0,-0.41023151434338756,0.20829929596328026,0.20807333678762224,0.17873157418308092
-259,-129.5,-0.31021523594923195,0.31969365754054446,0.31158173398866207,0.30146046743951177
-258,-129.0,-0.17408075256962896,0.43134514610893304,0.42790571016801715,0.4407595330297652
-257,-128.5,-0.007892308286938456,0.5459529046781861,0.5451941096661365,0.5930058465390848
-256,-128.0,0.1784324904669209,0.6661678883562954,0.6475903905420479,0.7570461083675657
-255,-127.5,0.3788344915055607,0.7865269541081924,0.7251077627732874,0.9256095165786491
-254,-127.0,0.5892350158188647,0.898199812376644,0.7760275166276315,1.0845831091364766
-253,-126.5,0.7975424283917539,0.9734974684471206,0.807387254146162,1.2262327526455712
-252,-126.0,0.996675188667216,1.0605223911708106,0.7957478346811938,1.3339396698562895
-251,-125.5,1.1735604705846014,1.1329094641639348,0.7505104094606461,1.4106958749145089
-250,-125.0,1.3244985910173392,1.1879589306488687,0.6822931747504704,1.4528489353564649
-249,-124.5,1.4775440946401948,1.2419737113371103,0.6125201571108438,1.4761573588163412
-248,-124.0,1.5717534233132675,1.280038201055705,0.536143040519321,1.4573266391027428
-247,-123.5,1.6238282411750782,1.3035743130616053,0.4635543269287967,1.4142825282151794
-246,-123.0,1.642856893124764,1.3251958178999557,0.4033126914143569,1.3595855555592857
-245,-122.5,1.6611851884885358,1.3595342923509663,0.3687812984703508,1.2959642369250042
-244,-122.0,1.6480832736832571,1.3611369068934904,0.36888147883497674,1.247409994968368
-243,-121.5,1.6333427113468206,1.417847395915446,0.3882281696599253,1.2129525569879902
-242,-121.0,1.612052522547041,1.5365325377333434,0.48556440854539645,1.212391445218199
-241,-120.5,1.6151170451898709,1.6313037504839865,0.540961358092549,1.2358866037284357
-240,-120.0,1.6384468869734856,1.7437072532498754,0.6164608433596851,1.2834902437377211
-239,-119.5,1.685823799457611,1.8713395449250998,0.7001325650265168,1.3527491119176944
-238,-119.0,1.7602215376209411,2.0097272288113333,0.7788860943385894,1.4402906529210915
-237,-118.5,1.8823270402720431,2.2207454867059924,0.8699159326606661,1.560591329778266
-236,-118.0,2.049878344648086,2.3758087185383348,0.9263952945292211,1.6609724617463428
-235,-117.5,2.1872083056482143,2.500320226179399,0.9404931302863683,1.7367457040919048
-234,-117.0,2.324959275035989,2.602958554387017,0.9166271325238757,1.7941431126119043
-233,-116.5,2.4544611468712314,2.6800996431358515,0.8553446360491814,1.830466799242668
-232,-116.0,2.5663080929688107,2.7305231839775654,0.7650145964301858,1.8408302320303356
-231,-115.5,2.6183692821381195,2.7792182857026533,0.6845230445492575,1.8404970421332987
-230,-115.0,2.6622820996800303,2.7714572442869843,0.5464982871802457,1.8019631140580894
-229,-114.5,2.668310801155524,2.7385637024410925,0.40613411284536804,1.7525579031983107
-228,-114.0,2.6447645398843354,2.6918105890131443,0.28334658779240957,1.7093087806627416
-227,-113.5,2.5957189768914857,2.643478370337118,0.1994297618676666,1.667573034606486
-226,-113.0,2.5333147977887847,2.602192032816358,0.16071503017763247,1.6408683511642395
-225,-112.5,2.4709303388041413,2.5777241225619405,0.18145195528702465,1.6530830049167877
-224,-112.0,2.4253068923764283,2.5793661494808777,0.26161991013065733,1.7014624641719625
-223,-111.5,2.40746213799205,2.6152499050839753,0.39725945852938277,1.7828253873560258
-222,-111.0,2.4221434537234128,2.6856905272144886,0.5767177557712042,1.893264829792067
-221,-110.5,2.472816103620569,2.7827993462476055,0.7819070779864524,2.0264675467004882
-220,-110.0,2.561024581789987,2.896166599763059,0.993006085257038,2.1680287052111327
-219,-109.5,2.617243013807498,2.903840863440186,1.1308400312023479,2.2814249829433972
-218,-109.0,2.7392433324523138,3.014909363358518,1.341258927679506,2.3912712163064835
-217,-108.5,2.8498660119107173,3.098171811335257,1.4674356250188458,2.4529361024227105
-216,-108.0,2.932219257553294,3.1432946517572495,1.5451143814182584,2.472765766258356
-215,-107.5,2.975231185004574,3.1404096116049485,1.5789839606649956,2.4462857362962045
-214,-107.0,2.9676736518636884,3.08880018487997,1.58455418820718,2.3764185564153997
-213,-106.5,2.90211921873931,2.9954644631071137,1.5800195407629498,2.2758193730396066
-212,-106.0,2.782969846615162,2.873086529194017,1.579755045558497,2.1603142274413476
-211,-105.5,2.626516878804518,2.7381771983042493,1.595852930861156,2.0443513370198625
-210,-105.0,2.453470842819313,2.6086136333792114,1.6411979273155335,1.9445658381950768
-209,-104.5,2.2182757081856193,2.4101753621429074,1.7285559619917812,1.8446115679315895
-208,-104.0,2.07286209210103,2.3639909636610854,1.8675752413571376,1.8516677677802493
-207,-103.5,1.9581985363734686,2.339049844568003,2.0169080005038458,1.8879257026426053
-206,-103.0,1.9362661162657686,2.41228102571199,2.174685570928064,2.0063441900853656
-205,-102.5,1.9709408585763004,2.5127128114523165,2.2885155638816186,2.1412843232457375
-204,-102.0,2.089558471231867,2.6789155966814757,2.368699850351801,2.322449299534441
-203,-101.5,2.0969283944587054,2.799413941557143,2.2568814338349323,2.505727507993459
-202,-101.0,2.288823717104992,2.966991880053256,2.1226527260376398,2.6896789101065446
-201,-100.5,2.494464703120146,3.1180044757408316,1.8933266059321265,2.8572707681790854
-200,-100.0,2.6895440854141874,3.2329827286445014,1.5528235554409797,2.980006061399337
-199,-99.5,2.8597047968536806,3.2887895141677324,1.1581503974363194,3.078378751376249
-198,-99.0,2.9587648604443175,3.2263776198195657,0.6795633392593198,3.088921862095561
-197,-98.5,3.028310703585711,3.160018100713166,0.22904073075397796,3.092788250252552
-196,-98.0,3.037922847008914,3.0502692819539656,-0.1912141686356986,3.0617215433183773
-195,-97.5,2.9951191889051505,2.883112443398065,-0.5204450140267723,2.99784288019058
-194,-97.0,2.9218776317206916,2.7284012426092303,-0.7869293673723301,2.9326551464466597
-193,-96.5,2.8308176899878212,2.5804474715235193,-0.9395584345409522,2.8765864919765227
-192,-96.0,2.881566985757529,2.5520916844915114,-0.962643678393842,2.885211887335557
-191,-95.5,2.761766049342399,2.449863356563553,-0.8629215116841368,2.8780199393623644
-190,-95.0,2.7208264331291203,2.4189238680457716,-0.7162526642179727,2.911222610659458
-189,-94.5,2.7206925832967253,2.433465034261557,-0.5064322222444984,2.976191207630844
-188,-94.0,2.7595089996038014,2.485188947653155,-0.25565532361485893,3.0719118315871516
-187,-93.5,2.827810260779229,2.561785606322173,0.0032174230344714475,3.1866977139387953
-186,-93.0,2.910917833895985,2.6464987113129004,0.2380319461262409,3.298766124951976
-185,-92.5,2.991342631366979,2.7194923246927676,0.43245832793315886,3.3874187987950917
-184,-92.0,3.018975850421229,2.7170593649268078,0.5434037220000869,3.411259068640651
-183,-91.5,3.046409351151125,2.7179559084181486,0.642893844542106,3.4127749806938574
-182,-91.0,3.0322992727529523,2.675805762318921,0.7005525512928852,3.3632417666943706
-181,-90.5,2.9707192470490877,2.5917367605918913,0.7315240997396639,3.260374672530109
-180,-90.0,2.8627091471371755,2.4725935169210933,0.7589470966699212,3.109964342094593
-179,-89.5,2.7189567212891514,2.3320276321778457,0.8006256045001022,2.9253514342656652
-178,-89.0,2.5560308995251897,2.1865518411297367,0.8657028352829409,2.7245730509356902
-177,-88.5,2.3901734249906963,2.050835754344078,0.9614342520808491,2.5274630590150498
-176,-88.0,2.23614323788134,1.9379047327819752,1.0927949279733977,2.3516170354848795
-175,-87.5,2.108969477190177,1.8595237840179162,1.2541343429582281,2.208897109004177
-174,-87.0,2.0210605975537344,1.8206811352980274,1.4292253819024698,2.1060482783759187
-173,-86.5,1.9765291654773256,1.8148992444743852,1.6009704048708402,2.0468777762358403
-172,-86.0,1.9715195011929139,1.8295934271119216,1.7546274412645855,2.0303204201074996
-171,-85.5,1.9996717406117772,1.8546115102768639,1.8724647663830032,2.0466286419222293
-170,-85.0,2.052594166592466,1.8807694894794214,1.9355579994718777,2.0792410048254903
-169,-84.5,2.114677145550844,1.8927181867503933,1.9347202062379532,2.1117237655355527
-168,-84.0,2.164010556204947,1.871692644576671,1.873280566021218,2.131452948709386
-167,-83.5,2.2397904494732237,1.8246483273009553,1.7399948808717174,2.109768785881757
-166,-83.0,2.2574745704936556,1.7539100313088674,1.5934047814475176,2.106670185543482
-165,-82.5,2.2100224923365794,1.6117043254926908,1.3803015029534322,2.0327838047800997
-164,-82.0,2.1280048988368967,1.438940108315775,1.1524925026743915,1.932219453142
-163,-81.5,2.014264736265117,1.2476769098066007,0.9308039665345549,1.8179682301280762
-162,-81.0,1.879800605401051,1.057458002053333,0.7251998034096437,1.7048217857910684
-161,-80.5,1.7418038986143587,0.8875593734364016,0.5417348303568656,1.60753197770778
-160,-80.0,1.6083113708870422,0.7472928391651713,0.3897198980319511,1.5318335592980818
-159,-79.5,1.507088123922936,0.6548841720505398,0.2735927776372098,1.4971065376043833
-158,-79.0,1.4278675603247493,0.6074051842157405,0.18367179696210814,1.4922662690056405
-157,-78.5,1.4667432075982862,0.6725337643074869,0.11545654504395517,1.5258833871822413
-156,-78.0,1.4764203493774442,0.7201017357028304,0.03572625436629806,1.5754006782264434
-155,-77.5,1.5208513202424039,0.793321932321511,-0.046535408484749956,1.6389534640806813
-154,-77.0,1.5981194242800303,0.9005841460154561,-0.1344004410241091,1.700134481228455
-153,-76.5,1.6933521981070156,1.0202322135088953,-0.2342122878139603,1.7409686678487477
-152,-76.0,1.79167078194955,1.1328385189955394,-0.34400575675495654,1.7493731503605436
-151,-75.5,1.8762318079977058,1.2226738460824185,-0.452613742125267,1.7202274581658064
-150,-75.0,1.9327069239358348,1.2833929006623623,-0.5486700494604677,1.6525231056122587
-149,-74.5,1.9517186445583419,1.312020943380212,-0.6246670184991934,1.5476253851068453
-148,-74.0,1.9275587986391975,1.304217230148976,-0.6722919875527769,1.410035147789556
-147,-73.5,1.8362847633545867,1.2344573624898005,-0.6717673677698249,1.222863699265735
-146,-73.0,1.7282561513844332,1.169320100973655,-0.6374819904884482,1.059321939037561
-145,-72.5,1.5887533245887837,1.0889140791773986,-0.5655627148971417,0.9021410456370678
-144,-72.0,1.4291023604185786,0.9996440482134401,-0.46149756179851353,0.7628674388696656
-143,-71.5,1.2528503196801555,0.9123444792233862,-0.32059206626193937,0.6370005826827251
-142,-71.0,1.093626347429533,0.8403598626372835,-0.16727070680941988,0.550877415839557
-141,-70.5,0.9560986202439913,0.7965558356848176,-0.008040348752786666,0.4958424335692206
-140,-70.0,0.8533687355102374,0.7815801914802821,0.14203155014885188,0.4733584596240932
-139,-69.5,0.7796887241744092,0.7629504680783838,0.23636179357845188,0.4571734313546934
-138,-69.0,0.7528039778766251,0.7839915092963154,0.35826648486102314,0.46258374720587014
-137,-68.5,0.7590807789460122,0.8228899717939491,0.46307882309007176,0.4645477357701141
-136,-68.0,0.7906139147623445,0.8724716603200918,0.5468709673109278,0.4606951599479604
-135,-67.5,0.8368256242876608,0.9168401104439398,0.6113970308649584,0.4485361828006133
-134,-67.0,0.8851192371007787,0.9421122588245388,0.6628663845592414,0.41873777417304664
-133,-66.5,0.9219566910779231,0.9422934196858062,0.7028397470842087,0.36238358148037586
-132,-66.0,0.9341093204602555,0.9141927528866225,0.7264296733559003,0.2808634248933374
-131,-65.5,0.9117733531356483,0.8529979921154731,0.731177341401654,0.18254653679849464
-130,-65.0,0.8526375022219501,0.7551549608551013,0.7219029047669586,0.07222946608426771
-129,-64.5,0.7623109119655492,0.6220583144424718,0.7035933047642235,-0.04941603540542053
-128,-64.0,0.6697021319465323,0.4820380777618692,0.6401143281633337,-0.18974227122194862
-127,-63.5,0.5452863557880546,0.30332333651802573,0.5889505564846705,-0.3172123576552032
-126,-63.0,0.4166383882384766,0.11989315278259156,0.528454401111391,-0.43124564759645995
-125,-62.5,0.29388431856775393,-0.05145625666817616,0.4783520652489133,-0.5295766515645745
-124,-62.0,0.18851664237109803,-0.21316025591051505,0.4289556210309242,-0.6183882374579708
-123,-61.5,0.09622748813927656,-0.3591651861044048,0.3898191780060759,-0.6922409858141843
-122,-61.0,0.03705905460416583,-0.4776144285847796,0.3545900981024144,-0.753713721117165
-121,-60.5,0.001663989439091794,-0.5629178249902511,0.32896900832590936,-0.8033256178360755
-120,-60.0,-0.015067604597546313,-0.61608070310962,0.313356034168005,-0.8447949263582918
-119,-59.5,-0.021655847645645245,-0.6442453696612845,0.3010793721253797,-0.878136574043694
-118,-59.0,-0.03948547430694336,-0.6569010975995225,0.2833008457498427,-0.9153204496671694
-117,-58.5,-0.05119989292849985,-0.651219472721405,0.24708525679662893,-0.9320751993734812
-116,-58.0,-0.06560267041187651,-0.6246608809708359,0.1906558481178169,-0.9471391368767251
-115,-57.5,-0.09545663884489589,-0.5944836579788492,0.10782070374536164,-0.9621032461853007
-114,-57.0,-0.13485730574586166,-0.5491394741414064,0.020941725468002444,-0.966126578271503
-113,-56.5,-0.20312044934425244,-0.5349558100704469,-0.11874786066257985,-0.9705106873301785
-112,-56.0,-0.27176776137945485,-0.5449404293219503,-0.2863298267150025,-0.9848573933213838
-111,-55.5,-0.3658896273676609,-0.5633890520784061,-0.46113836455522883,-0.991265338013756
-110,-55.0,-0.4689057887359686,-0.6008348035682939,-0.6369287058189811,-0.999805476199294
-109,-54.5,-0.5808233407952602,-0.654998569455251,-0.8028868070255752,-0.9960816699796742
-108,-54.0,-0.6951736599356646,-0.7200917635682382,-0.9426598956000427,-0.9882079051959314
-107,-53.5,-0.7975792581446628,-0.8022485490402551,-0.8112676978672674,-0.9950789578934586
-106,-53.0,-0.9059122737361567,-0.8710459706211512,-0.8524646739731127,-0.9881574321462975
-105,-52.5,-1.0065931656213467,-0.9308773016664955,-0.846036931227602,-0.9685124952941687
-104,-52.0,-1.0967450137241772,-0.9784798982337032,-0.7898597140282423,-0.9313117576958662
-103,-51.5,-1.1916835936273502,-1.010956394937887,-0.6707790434414261,-0.8619098455928922
-102,-51.0,-1.1940714144393607,-1.0034237204428342,-0.5081275097982999,-0.7609580665088297
-101,-50.5,-1.2437076112126808,-0.982614043748251,-0.3334294856273218,-0.687055505956539
-100,-50.0,-1.269811597710539,-0.9267318500858559,-0.12709871708763404,-0.5941307169803841
-99,-49.5,-1.2691290126905561,-0.8400867879910161,0.10211516695766329,-0.48769276754999324
-98,-49.0,-1.2358624900369035,-0.7240370091516822,0.3432514287517408,-0.37326118150289855
-97,-48.5,-1.1842507419255661,-0.5916065307758942,0.5788824506741737,-0.2592139940321833
-96,-48.0,-1.1095052359237811,-0.44758444484974746,0.823151078031164,-0.14656516516601883
-95,-47.5,-1.0194146482137614,-0.30768770378403293,1.0598216021922362,-0.04663300508996988
-94,-47.0,-0.9197363568545416,-0.1815457785800725,1.2751632993808244,0.03077014755840376
-93,-46.5,-0.8156438692327719,-0.07313904832499153,1.4576099442400676,0.08198866339110432
-92,-46.0,-0.7132572380525924,0.012188347651846029,1.6011946859405783,0.10702190331040139
-91,-45.5,-0.6209910947357292,0.0755503090994719,1.6843107165181792,0.07157711452240507
-90,-45.0,-0.5405165056947426,0.09725883120978668,1.7281203852375167,0.03808089443276089
-89,-44.5,-0.47255932185669025,0.09178980414263177,1.7187914769658295,-0.010808530890316402
-88,-44.0,-0.4179727838490019,0.06896891145876996,1.666768663049871,-0.05637130672324912
-87,-43.5,-0.36514118700634385,0.03180866106739994,1.5739423067110856,-0.0910860214353531
-86,-43.0,-0.3133558972506676,-0.012460723394396427,1.4428520276973404,-0.1118918740382714
-85,-42.5,-0.2552908016625969,-0.05543436630182099,1.2751604670890686,-0.11781023363600343
-84,-42.0,-0.18607987102136886,-0.09144253677525381,1.0825330160638635,-0.10398211299088882
-83,-41.5,-0.10814186414686877,-0.12122489002966638,0.8784814063106375,-0.06956523639906977
-82,-41.0,-0.027988011579142477,-0.14836197269121965,0.6662202817403722,-0.0248862827291865
-81,-40.5,0.049398628040241234,-0.17612736766121728,0.4432334147244333,0.014639882650680301
-80,-40.0,0.11881761933606234,-0.2104525048148135,0.21524698841326684,0.03935515785464124
-79,-39.5,0.16983409112639888,-0.2617834573402187,-0.0037938244706618093,0.04594943016805099
-78,-39.0,0.1740443044931341,-0.3291632245100198,-0.19026662991185697,0.03327558965638497
-77,-38.5,0.15480186207568658,-0.4356785489904369,-0.3748821512657767,-0.01241446484908551
-76,-38.0,0.09776337693899675,-0.5653610327108046,-0.5386858705298171,-0.08743934139594499
-75,-37.5,0.004210867423950547,-0.7117721327428895,-0.6686620095709032,-0.18291349649176203
-74,-37.0,-0.12320436613516626,-0.8686064881510449,-0.7517236597715619,-0.2850786568489358
-73,-36.5,-0.2737407616346941,-1.0275574755061612,-0.7856348948477491,-0.38265513739519214
-72,-36.0,-0.42947638804296867,-1.176988707168115,-0.7761939230064292,-0.4679587058398861
-71,-35.5,-0.5770519905942267,-1.3040700000940637,-0.7295704561194586,-0.5346762008398139
-70,-35.0,-0.7139105429591289,-1.399912658642858,-0.6536439759653864,-0.5793408929953467
-69,-34.5,-0.8402623635553751,-1.464809282341081,-0.5635757170864294,-0.6056947931325312
-68,-34.0,-0.951669306027949,-1.508702472591538,-0.47970261084578153,-0.6255530282706607
-67,-33.5,-1.0461020822576412,-1.5456468148356257,-0.420032756003081,-0.6546822843682494
-66,-33.0,-1.1343930231850463,-1.588748179641509,-0.3973204526330552,-0.7084689814136509
-65,-32.5,-1.2362968367116887,-1.651173560918737,-0.4203738060975853,-0.8005036551706641
-64,-32.0,-1.375961537281096,-1.7541332658143134,-0.49449261696552194,-0.9438295079219663
-63,-31.5,-1.5406320649981542,-1.90001056627383,-0.6118994144880325,-1.141880903392314
-62,-31.0,-1.7434588440674303,-2.1011254520590006,-0.7617850417874729,-1.3982195515929383
-61,-30.5,-1.988627794698451,-2.3560172577030585,-0.9280034232468289,-1.7073388180214555
-60,-30.0,-2.2748960382182926,-2.658319589043041,-1.0900044285185195,-2.0563398205464605
-59,-29.5,-2.547234069503813,-2.9975993509519667,-1.1963664897891897,-2.4453656768884255
-58,-29.0,-2.8735273455731667,-3.3498766718788016,-1.2801267688419338,-2.814710465153389
-57,-28.5,-3.2049866580290653,-3.6979113299765456,-1.3045394477031853,-3.159612455319769
-56,-28.0,-3.5085680961670698,-4.014375206874272,-1.2589844255696752,-3.4683145744363624
-55,-27.5,-3.7767376691682832,-4.291686639565463,-1.1435860705115763,-3.725212959167815
-54,-27.0,-3.9930457093670912,-4.513366686410199,-0.9607717550662891,-3.9150303662215564
-53,-26.5,-4.145478834837079,-4.659394164974066,-0.7197114127960957,-4.024158358042032
-52,-26.0,-4.225660685244584,-4.715309683042519,-0.4336055778485074,-4.044772273678461
-51,-25.5,-4.2240540819536,-4.675839706993951,-0.11286715912043631,-3.9722377648937455
-50,-25.0,-4.127237818472039,-4.5365752613334465,0.2369503181417126,-3.7986361184219937
-49,-24.5,-3.91899600182904,-4.286051458332449,0.6116968101731686,-3.5125361800311827
-48,-24.0,-3.585607382421915,-3.9079234950884763,1.0111238937788967,-3.106060076929935
-47,-23.5,-3.0943968197340848,-3.381212861339298,1.4353596543333498,-2.5760086017890766
-46,-23.0,-2.4482726742646186,-2.724647050880738,1.8826130028870212,-1.925026936688176
-45,-22.5,-1.6291195414180069,-1.928760081195485,2.3564936091813826,-1.1523460755995756
-44,-22.0,-0.722672450032337,-1.1140593421557636,2.8133441507644945,-0.3057485972501776
-43,-21.5,0.443002155936473,-0.07267713743531863,3.294819241922585,0.6680994633347175
-42,-21.0,1.763566722730812,1.0657960153796735,3.7557529577913926,1.7032723202346736
-41,-20.5,3.110309299187415,2.1821206596435574,4.147312142105612,2.7381503014485724
-40,-20.0,4.630955792892352,3.4072753607113473,4.50216417176037,3.7933413267226186
-39,-19.5,6.183299626561114,4.61884990087053,4.7694619863904935,4.81328498547217
-38,-19.0,7.740680135442139,5.796297300052793,4.933063978499962,5.768453292963042
-37,-18.5,9.217146131781764,6.895124395209518,4.999345611437272,6.650324212449238
-36,-18.0,10.61086382608232,7.9157404846649495,4.985116606594117,7.452901549466196
-35,-17.5,11.900868080693645,8.857039265015505,4.91815965759271,8.196929860189947
-34,-17.0,13.097942018971832,9.745067836333446,4.83670601501559,8.903731150580354
-33,-16.5,14.231887968591456,10.62567822243791,4.773095925693495,9.606256563312396
-32,-16.0,15.349779069968431,11.550489766182531,4.79697717326906,10.33424729134135
-31,-15.5,16.493872095042356,12.562861921781105,4.930588035097462,11.133272689505887
-30,-15.0,17.713833043202484,13.701598621005013,5.193927971125207,12.034543716943562
-29,-14.5,19.05554476556468,14.995468249454873,5.584169326670922,13.047328512034309
-28,-14.0,20.54390892598653,16.450584789535775,6.071322365376957,14.158809074101843
-27,-13.5,22.16915425789563,18.041393470123563,6.602713596797415,15.338877524744273
-26,-13.0,23.889377852336935,19.71325814335509,7.1132448224050595,16.541676369658465
-25,-12.5,25.641382890770522,21.38891079601207,7.532201174292141,17.704338621090628
-24,-12.0,27.34422150073303,22.97275556720828,7.786244021945021,18.75008812240971
-23,-11.5,28.898072560010924,24.359489650866617,7.8081698289038455,19.599217794172066
-22,-11.0,30.19395224213359,25.450203942877057,7.553519823057201,20.18273926180986
-21,-10.5,31.13441606386866,26.166223758490705,7.012956349327325,20.4509382768386
-20,-10.0,31.64815789704595,26.454280248377483,6.211234511716851,20.375848313143123
-19,-9.5,31.69239663538863,26.29047308643824,5.199655756958398,19.953393102652
-18,-9.0,31.35622418160522,25.790967311800596,4.113093489943923,19.214603124739302
-17,-8.5,30.46785036391761,24.803636519747386,2.91898725296433,18.201954013850244
-16,-8.0,29.208720289026946,23.55026753950046,1.759991067147223,16.96873571702197
-15,-7.5,27.67121458424698,22.07669190769435,0.7895626823978726,15.650575649606989
-14,-7.0,25.971214975744793,20.52440744733151,0.05561159044723973,14.319469449117976
-13,-6.5,24.224537433746125,19.00990123164827,-0.39341834638126677,13.06424358154217
-12,-6.0,22.549572622561342,17.639265263358592,-0.5361507564037931,11.964775171510619
-11,-5.5,21.046907719926452,16.486598164425807,-0.3852283124332132,11.086010892277631
-10,-5.0,19.80053439682403,15.613037191092356,0.029986732399119365,10.447242472046362
-9,-4.5,18.839507564510757,15.027625814258583,0.6352037631954552,10.05488056521635
-8,-4.0,18.283992109568167,14.781249041326086,1.3235061190904607,9.88696791538054
-7,-3.5,17.865026390685347,14.688649929317927,2.037176108288073,9.896984952949554
-6,-3.0,17.66315980558782,14.754740941674205,2.66639295601011,10.002266885638537
-5,-2.5,17.60224635488361,14.878837019930566,3.138224748279798,10.134355321508009
-4,-2.0,17.56800426037908,14.956612357389833,3.3839886083288313,10.20375832935458
-3,-1.5,17.453325092574133,14.8882919188353,3.3552437139757174,10.130081718390757
-2,-1.0,17.24908059347962,14.656316413086993,3.0971833427308333,9.851141729090974
-1,-0.5,16.658702054652704,14.030791425360915,2.481422835135385,9.293226087393057
0,0.0,15.69329407364356,13.021307277054321,1.6002028563112027,8.432500193966609
1,0.5,14.390105055517381,11.658453896677154,0.5273856769922326,7.280469138255742
2,1.0,12.527541676426207,9.81699543562616,-0.740222969729278,5.832331345214096
3,1.5,10.268267930696883,7.659321285448898,-2.0881786439022956,4.146845001399044
4,2.0,7.513726125993462,5.112349815633064,-3.451589365824699,2.279313187961158
5,2.5,4.4212369611404085,2.3515331455917154,-4.750440153653787,0.309928834076012
6,3.0,1.109674487137008,-0.5098796911533839,-5.883746148802434,-1.6796160170344625
7,3.5,-2.4618356273980164,-3.4855587258071252,-6.87901307940403,-3.634602680683346
8,4.0,-6.106018132746425,-6.401560724050715,-7.644041053534422,-5.474236254734934
9,4.5,-9.674399099719722,-9.14569700265244,-8.182480073843728,-7.138812523994876
10,5.0,-13.069887067758604,-11.64981927964038,-8.459492522871884,-8.611890361754828
11,5.5,-16.205067625017172,-13.851556334809684,-8.513150155451738,-9.865760286609472
12,6.0,-19.00921570524784,-15.721094454309187,-8.37091684191046,-10.903423023176002
13,6.5,-21.42163352246083,-17.24003769020119,-8.069584830342203,-11.733433396232916
14,7.0,-23.45157759015078,-18.458219424391647,-7.658653084964959,-12.387836817414666
15,7.5,-25.09587800371736,-19.383982374493662,-7.185149673358347,-12.885253698995994
16,8.0,-26.379280212838097,-20.05617743934272,-6.6843356270727545,-13.252878729833693
17,8.5,-27.23704708011296,-20.454505771833308,-6.155082294890534,-13.503390322923376
18,9.0,-27.89009663019612,-20.746463253509283,-5.657151846470403,-13.666267416443718
19,9.5,-28.278474110292702,-20.88462820140265,-5.166006836467965,-13.730960821906628
20,10.0,-28.429886224303857,-20.879079359657933,-4.668590115564357,-13.692823617390305
21,10.5,-28.356547050701487,-20.73363221181516,-4.147053370212795,-13.544151839706812
22,11.0,-28.018223030582426,-20.422281347025876,-3.606742471027325,-13.298530825630378
23,11.5,-27.496659022448643,-19.958248060823124,-3.0113685980147995,-12.9090283566027
24,12.0,-26.750961569033677,-19.308367868260635,-2.372936477454203,-12.391603675863417
25,12.5,-25.7763568310797,-18.47057116241336,-1.6942220123219836,-11.755963880302911
26,13.0,-24.571353755475613,-17.45489229003859,-0.9934502973076702,-11.020902333254568
27,13.5,-23.152357095285648,-16.279942869450416,-0.30528751377373786,-10.215282029216604
28,14.0,-21.557055815647086,-14.979086176325337,0.33131310933172764,-9.377153686771813
29,14.5,-19.833850827511714,-13.604329473985818,0.8843445316324329,-8.545975097415308
30,15.0,-18.033830661815262,-12.216219575745628,1.3288180203911553,-7.754495474228546
31,15.5,-16.212956318872447,-10.86994122837153,1.6436496352262948,-7.029504483773323
32,16.0,-14.432682559125082,-9.611581821266755,1.8166246589892896,-6.3957097891096355
33,16.5,-12.750513268973355,-8.479992634712781,1.8535064674646016,-5.870554718325487
34,17.0,-11.163255392422812,-7.424279475149718,1.7905638086524673,-5.450250725449665
35,17.5,-9.791527486483957,-6.613086129330549,1.6361096920778877,-5.127987326891272
36,18.0,-8.604151765242646,-5.9598499650058745,1.4308545657111513,-4.881655155012117
37,18.5,-7.625937660669695,-5.459327482861891,1.192014507753915,-4.718674368096836
38,19.0,-6.802059364988925,-5.046714024144115,0.9708180986448827,-4.582056259538489
39,19.5,-6.12816121182988,-4.705554639624721,0.7855969663275015,-4.459214891990787
40,20.0,-5.574169544983767,-4.40851228040535,0.6534677963643684,-4.328629216329298
41,20.5,-5.11080494588503,-4.1352370718615745,0.5751261481361645,-4.1830929988923335
42,21.0,-4.7136696150665545,-3.869125176684692,0.5414622772731261,-4.023860152590148
43,21.5,-4.36534018380934,-3.598441589724893,0.5422385926977735,-3.8509530589579617
44,22.0,-4.054458700918886,-3.3220805995509477,0.5660875137640821,-3.6646093168350555
45,22.5,-3.7732125481243743,-3.0499279069124285,0.5965759362949703,-3.471919977242558
46,23.0,-3.5174196641796223,-2.796168683613498,0.6158658291606801,-3.2849609838063834
47,23.5,-3.264258432118189,-2.555524119592522,0.5698997840269622,-3.1101190834219126
48,24.0,-3.0670875026923254,-2.3795196618238554,0.5399348674754226,-2.9602482812242856
49,24.5,-2.9116041315609023,-2.259610727686883,0.49052865201148554,-2.8347159434375584
50,25.0,-2.800073723706818,-2.193669705243701,0.42389505844090364,-2.734613915866511
51,25.5,-2.730810392905721,-2.1722674670067166,0.3451095153339944,-2.6545982849022374
52,26.0,-2.699704765583921,-2.1884104242749274,0.2644627450573125,-2.58512470459388
53,26.5,-2.6990706251328698,-2.2356411669419307,0.1919516669651418,-2.518523781206643
54,27.0,-2.7174281540198373,-2.2963683447135055,0.1324214493766541,-2.449324987314613
55,27.5,-2.7427314325612744,-2.343176394335017,0.08837812688538449,-2.3695323551100245
56,28.0,-2.764253732415294,-2.3562776965397663,0.06320457973249703,-2.2683755978697917
57,28.5,-2.7701506581763686,-2.331033047228293,0.05769972417492748,-2.1378386249237415
58,29.0,-2.7466840390210887,-2.26476017296146,0.06676364963538102,-1.9758803819862096
59,29.5,-2.683745771629641,-2.1477899243650613,0.08370642237283421,-1.784485779386817
60,30.0,-2.58689456240396,-1.9875849866402941,0.07758530708098939,-1.5879938585049822
61,30.5,-2.4481305027771647,-1.775773629806856,0.10258703767324988,-1.3591919940918797
62,31.0,-2.2309329278226895,-1.5034667021049888,0.15556692807681377,-1.1178051910735283
63,31.5,-2.0369482782465362,-1.2661780626944357,0.1720596215269894,-0.8858819838752333
64,32.0,-1.8281112004339832,-1.0303332318163174,0.18662601497702996,-0.6678944483643665
65,32.5,-1.6191250688725076,-0.8096877206019774,0.20170637103336453,-0.4750973197358656
66,33.0,-1.4225078292984992,-0.621001740785638,0.21602195449518416,-0.3155315764876652
67,33.5,-1.2454404058940625,-0.4716827367903025,0.22816160694521656,-0.1924873058296424
68,34.0,-1.090644350094895,-0.3260209317081813,0.23547399257384147,-0.13465211251190168
69,34.5,-1.0116115631214364,-0.24721048747357405,0.23809485394255236,-0.09131014325046015
70,35.0,-0.9116839729301551,-0.19389647654026784,0.2628441628427427,-0.07132067119787949
71,35.5,-0.9165197284433446,-0.2354990165433288,0.27808956295216525,-0.12936173953529928
72,36.0,-0.8503501471524334,-0.21234131466120826,0.3115249428397415,-0.12477266768593857
73,36.5,-0.7416634869130699,-0.11851698507559812,0.39283517793534245,-0.0960394684385307
74,37.0,-0.6638796861764423,-0.07430564213048559,0.4503238751148038,-0.06322484933582725
75,37.5,-0.5521884544063346,0.008639942410517921,0.524307073852777,0.023544090504862378
76,38.0,-0.44455843808487255,0.07981099070883794,0.599327655075087,0.125947936520047
77,38.5,-0.29502778882333336,0.186005946590264,0.6800942027089134,0.25450639940717473
78,39.0,-0.13358726813324506,0.3221532256248429,0.7625212377700803,0.40190659934078266
79,39.5,0.0416154926097618,0.47137133217365745,0.8447596586644873,0.5573989065856824
80,40.0,0.22169926267464962,0.6207035892527354,0.9207341477077954,0.7169574922771215
81,40.5,0.3938065908282551,0.7581082472870463,0.9787064380842676,0.8708254210086908
82,41.0,0.5452254066440891,0.8776391067071673,1.0024810932694799,1.0002229655414576
83,41.5,0.6672530656238295,0.9779121174548608,0.9799655054385028,1.0895649922525033
84,42.0,0.7544452350907906,1.053399156952957,0.9097992769129369,1.135686425193584
85,42.5,0.7970973122093437,1.0958281999940462,0.8108132464374469,1.1400211431639014
86,43.0,0.8072435367709562,1.095205403469872,0.6591298566741803,1.1090412817416968
87,43.5,0.7784169883386252,1.0578884889876148,0.46876144516364643,1.0447552187267912
88,44.0,0.7227874859638951,0.9962530541833432,0.25745333777860385,0.9482078517843581
89,44.5,0.6447847925394665,0.9474741612770322,0.04455979506463173,0.8305023132330138
90,45.0,0.5443523280237234,0.8300501456513447,-0.13979111352718554,0.7087787594861529
91,45.5,0.44495939561816167,0.6940678772929046,-0.2836841417163779,0.5883333402710038
92,46.0,0.3502747684012836,0.5558155956222306,-0.36840642347607655,0.4785928289769657
93,46.5,0.26907840424515983,0.42522724094753944,-0.3779541319293838,0.38859869351445037
94,47.0,0.2790459489513215,0.32643050642843235,-0.31187383823121956,0.3253243837833031
95,47.5,0.238426128110178,0.22053903188474341,-0.18509894927803738,0.2876552165095398
96,48.0,0.22818744291338283,0.14400407415915448,-0.012780288192993716,0.2777827190268657
97,48.5,0.2513237359335538,0.10400171325329824,0.19391528358592372,0.2933515815670819
98,49.0,0.304727755889098,0.09690458261931892,0.41493963717584376,0.32807829161893187
99,49.5,0.42797838865957555,0.16782664775392858,0.6408589200032251,0.3945373429127998
100,50.0,0.5137027690469861,0.2127394173852146,0.786108141993353,0.4377801377613972
101,50.5,0.5997338358758474,0.2787150962160875,0.8700763483833912,0.4713821529235692
102,51.0,0.6741513780263998,0.35082012164056053,0.8930849902029787,0.4864820403044367
103,51.5,0.7158613325925669,0.4046588641289098,0.8521804828820315,0.4740791261207202
104,52.0,0.7318053206200459,0.444208004561112,0.7597396971860034,0.43796690378648806
105,52.5,0.7640826844579964,0.5160578950015604,0.6340091813246655,0.4015247717754722
106,53.0,0.6373797748820024,0.4654220600088673,0.462146651811418,0.2977251180854787
107,53.5,0.5179372772311104,0.4289945404853138,0.3368336326644555,0.1837530263683312
108,54.0,0.3618842489386296,0.36826802790744667,0.24363804994054988,0.06099707442492927
109,54.5,0.21533679454498544,0.3113103680666975,0.20463526074250313,-0.05401600276951156
110,55.0,0.05566632108352584,0.2608018409812917,0.23334030067088732,-0.14446018568916352
111,55.5,-0.11400504134111969,0.19166833664370345,0.3131315665656006,-0.23974478543646657
112,56.0,-0.25256620360279164,0.146202274982009,0.4451828543526986,-0.30537204446161187
113,56.5,-0.34714288071791694,0.1273101407822186,0.6130944819851096,-0.3372300395735084
114,57.0,-0.3915363366332968,0.1349019179262143,0.7989840925089916,-0.339480025999344
115,57.5,-0.3841648983124255,0.17105193506094363,0.979688945378303,-0.31709554775901
116,58.0,-0.32421400324528327,0.23555328733308273,1.1306189762622654,-0.2720610279646435
117,58.5,-0.21486737025726096,0.3167786275467977,1.2333276587095519,-0.20932773584436917
118,59.0,-0.06230022939178538,0.40493704537460057,1.2870190110204802,-0.1382829071505747
119,59.5,0.11084655400262663,0.48548690040766224,1.2857885541236342,-0.06960200402972509
120,60.0,0.29633334966192243,0.5668507900087019,1.2457129464204828,-0.011465598974450012
121,60.5,0.4553024144229041,0.6184745585116582,1.1408922217103248,0.038624970515254785
122,61.0,0.6008293534339133,0.6503295305210052,1.0052555299449841,0.07401236923337383
123,61.5,0.7278567659452673,0.6633281657527836,0.8543699402054558,0.0935352987474391
124,62.0,0.8257481437116896,0.6631837572331715,0.6987044962901534,0.10404571258903733
125,62.5,0.8247167005478224,0.5993373449354039,0.4811294489577225,0.0959482202612935
126,63.0,0.8525397868259202,0.5825220181882499,0.33918716027456813,0.10342591278641132
127,63.5,0.857557304253276,0.5645163510823485,0.22308792671292008,0.11076523641404541
128,64.0,0.8319576212532852,0.5444356645985682,0.12037526960775381,0.1182420969532367
129,64.5,0.801688241023721,0.5340522846129935,0.0410420163197203,0.13764067171918246
130,65.0,0.7708932918797181,0.5322561603084747,-0.02078688283635819,0.16761738696764653
131,65.5,0.7445008132441793,0.5422192019312024,-0.05842791225082636,0.20836991206126204
132,66.0,0.73052068935494,0.5663695143785125,-0.07868020805033542,0.2616573250896288
133,66.5,0.7361078089174359,0.6097633086345826,-0.09021208968494913,0.3334792671019637
134,67.0,0.7490085401197922,0.6526433309253082,-0.08615376218245685,0.4190669422631286
135,67.5,0.7805867138213899,0.7028720282240242,-0.06559114984365058,0.5131287460816335
136,68.0,0.839802140121052,0.7732274888951726,-0.1013396555453312,0.6168259428799012
137,68.5,0.9078511201833278,0.8474546859435915,-0.05127709304906575,0.7190772434024043
138,69.0,0.984492300016186,0.9254262244536776,0.0072420008063949,0.8190466540312985
139,69.5,1.0645993284407929,1.0006010354299344,0.07431489644212429,0.9055794109194598
140,70.0,1.1432119942120302,1.0701782199507635,0.1446766350941325,0.969759068191542
141,70.5,1.212669107920693,1.1286493246752294,0.20518976976336806,1.0092382211651643
142,71.0,1.3325927674228029,1.2204888986103606,0.24171603455113524,1.0467795553141923
143,71.5,1.3653452394182062,1.235054363702202,0.2492546725755565,1.0350107607604089
144,72.0,1.3796897634734209,1.229277876930514,0.22732944698304347,0.9974498918899375
145,72.5,1.3787179910518301,1.2068450232077839,0.17516531211251601,0.9414156714985644
146,73.0,1.3633029476580587,1.1698180066819428,0.07074158352788656,0.8800884034728699
147,73.5,1.3361352828977497,1.1076032760407437,-0.030801441551285173,0.8148657225875432
148,74.0,1.3239161772281292,1.0581984548310401,-0.1388932644111924,0.7653508062860099
149,74.5,1.3282038174205058,1.0228267197957606,-0.22722788775021213,0.7390454596716847
150,75.0,1.3573277191122561,1.0104049911174253,-0.2821115432469051,0.741137445899508
151,75.5,1.4120011621470026,0.9876253838655867,-0.3192418884033534,0.7710653510681208
152,76.0,1.4451946571864709,1.012134132774334,-0.3282810306248541,0.797514562598749
153,76.5,1.5521396046186395,1.0991035938588731,-0.2630732015958684,0.8623927153203516
154,77.0,1.6758640247726413,1.209204172732314,-0.14977909658170405,0.940265064156111
155,77.5,1.8077307787621562,1.3301290710257025,0.0038786830829554996,1.0168114730074542
156,78.0,1.9356674269481036,1.4529085226672347,0.18230746322818897,1.0743810119351418
157,78.5,2.1019613716365577,1.6321125730805488,0.39841032229315226,1.142351751127797
158,79.0,2.1468045524274415,1.7288938168280317,0.5287399198696603,1.1612635638004882
159,79.5,2.188723938060967,1.7651253591609315,0.6731966523080541,1.1120268780783498
160,80.0,2.243640650296433,1.822003237592434,0.8211193271364994,1.0583033684969905
161,80.5,2.199315368395715,1.760682422110946,0.8991917737144947,0.9339243748759577
162,81.0,2.113353300738723,1.6497759047846887,0.947692984552245,0.7858908871898657
163,81.5,1.9926824546752115,1.4929670697049013,0.9711894690418161,0.6259816335514872
164,82.0,1.8454598664149258,1.3058351452367496,0.9764183906792677,0.46536896059890154
165,82.5,1.6744864984536867,1.1125181776312734,0.9741088217664556,0.30420650248445474
166,83.0,1.5039563668302542,0.921678678819057,0.9676444963646247,0.1816445345089643
167,83.5,1.3579858260898914,0.7644802356300249,0.9554831089649639,0.09564786072116381
168,84.0,1.214867479241263,0.6192507634860868,0.9224361694993214,0.04194365262510088
169,84.5,1.0992308784960199,0.5182905450858215,0.8894484236660978,0.020897748400074714
170,85.0,1.01745867566166,0.46668169513780944,0.8580611152596155,0.03241646423408409
171,85.5,0.976396283247623,0.4619140445956561,0.8232466705662697,0.07647789361415007
172,86.0,0.9806583880685538,0.5010534086169747,0.7745247602287602,0.14712060345120226
173,86.5,1.0289616067306855,0.5791256357757929,0.7049790061785902,0.23231124038132536
174,87.0,1.0730227445996778,0.6534199599060055,0.6067258593415819,0.3204619625253829
175,87.5,1.1848411345093464,0.7653505941383604,0.4998882885753591,0.4046429354005179
176,88.0,1.3169115619351353,0.8786239715915531,0.3777382524174854,0.4801317762688226
177,88.5,1.4586704620610806,0.9897465934089793,0.24545830222611037,0.541782773903327
178,89.0,1.6023824325205103,1.091544932775276,0.11642303648885789,0.5770189972369156
179,89.5,1.7244881377544985,1.1720566000779646,-0.00026083189000620984,0.6075600798268026
180,90.0,1.8214610848707866,1.2281890697741145,-0.09150568865438655,0.6297422333801301
181,90.5,1.889351853468552,1.2674695827949267,-0.146914027272889,0.6497262272074728
182,91.0,1.932173792799449,1.3016711048000151,-0.15556497927045163,0.6745587108705392
183,91.5,1.9583752361242348,1.3400463918984713,-0.11322595249523505,0.7143110871031338
184,92.0,1.9746686397465631,1.3899322697520706,-0.026921461684575154,0.7789523844992181
185,92.5,2.0595271118051266,1.534603793738937,0.12856045650206202,0.8863085565345962
186,93.0,2.04835386477087,1.6026005522211582,0.2584046808597164,0.9742954903052263
187,93.5,2.0812089664489672,1.7142090027433803,0.40394814570874943,1.1171345465019167
188,94.0,2.1427456058954664,1.8444013146853828,0.5432779634148539,1.277149860404669
189,94.5,2.231711852780509,1.9858930933028318,0.6544929832813238,1.4419993662516122
190,95.0,2.3363867390332818,2.1244114611072513,0.7219818300354929,1.5922460540331114
191,95.5,2.443507936826655,2.242316381424667,0.7390382333811611,1.7084484322532703
192,96.0,2.5421348798507206,2.3250969501883434,0.7035188169680734,1.7765032007200652
193,96.5,2.580938485627571,2.344233735199169,0.5405908850202702,1.7843320165388568
194,97.0,2.6073895455998928,2.3015840807755743,0.39169639044453397,1.7180844687170838
195,97.5,2.591591222627542,2.2070583175406244,0.21794637732828476,1.5835369282950709
196,98.0,2.5141694093881806,2.046580885885629,0.030768919696844296,1.3883800244647493
197,98.5,2.3770028241372785,1.8368310318022978,-0.15524462921805024,1.1514175639797934
198,99.0,2.1891361579224324,1.595953807821406,-0.320911224845979,0.8925510951070591
199,99.5,1.9634575790666435,1.3366620261847908,-0.4448670955236948,0.6308498376989327
200,100.0,1.6556859012365974,1.0188752167386228,-0.5634357953485826,0.3701811765654085
201,100.5,1.4069133870993258,0.7705468271942046,-0.5831176443124365,0.1596041536553226
202,101.0,1.1230869931207303,0.5018362320755048,-0.595481952358137,-0.039724610838744394
203,101.5,0.9476420995699643,0.3535918698901798,-0.5287579617810448,-0.1491283916268797
204,102.0,0.8459623149179686,0.25612380899092857,-0.43851735238846096,-0.20314795810376085
205,102.5,0.7905982473432468,0.2299490861465397,-0.32151462508586937,-0.20628855801712886
206,103.0,0.7937575689861955,0.26212970077118236,-0.19478964172468907,-0.17442901422674825
207,103.5,0.8463260360294405,0.3418461979228512,-0.07423107763824868,-0.12379234844283941
208,104.0,0.8919624469372538,0.4145322403271479,0.0006218309514675175,-0.09245242863483873
209,104.5,0.9923119618412609,0.5333283541473622,0.027331522217283615,-0.04575476649514702
210,105.0,1.0864672690399761,0.6273969667713448,0.060377383751294415,-0.03464282413311875
211,105.5,1.128801984960058,0.6889676794258945,0.06956083229778788,-0.056727656120664785
212,106.0,1.1578078932430906,0.718598360138299,0.056051987065273604,-0.10006798178827206
213,106.5,1.143134058129741,0.7109036077141346,0.025293079544254787,-0.16419511259323724
214,107.0,1.0882747169865639,0.6687876206804114,-0.01149062869591899,-0.23679106021163232
215,107.5,1.004714541233906,0.5998150108720783,-0.03832355898780004,-0.3001012122125516
216,108.0,0.9072742497458214,0.516851615621566,-0.044941314135195955,-0.33575441099782116
217,108.5,0.8019983689305266,0.4259649195209565,-0.017858549748954074,-0.33849682075789306
218,109.0,0.7272157983274996,0.3630681731062342,0.023434669918903656,-0.29155354490339336
219,109.5,0.6935835912035297,0.33045614168944604,0.09135670338437878,-0.1987036363774566
220,110.0,0.713217555587412,0.33512023869386887,0.17864227730710025,-0.05998729805994883
221,110.5,0.7822923911345813,0.37825263371067774,0.2671896291442475,0.11568128046385626
222,111.0,0.8862570171759128,0.4537366030434133,0.34027777997392167,0.30939362381082086
223,111.5,1.0310695442664004,0.5562819391639643,0.416536166316252,0.4909736300163546
224,112.0,1.1789379761090517,0.6601494738044162,0.4391741765025719,0.6533178186105434
225,112.5,1.3192319744049121,0.755641327536182,0.4262673860255684,0.783995687681134
226,113.0,1.426780419774245,0.8310669268603187,0.3704628077036935,0.8725097025246068
227,113.5,1.485520498165244,0.8760428748955578,0.2775932534382508,0.9088219984875432
228,114.0,1.4914793215198034,0.8819088656829085,0.16141825380301955,0.8936948882775616
229,114.5,1.44338434008615,0.8452276580550216,0.03278882089972404,0.8404076993216084
230,115.0,1.3401114827867429,0.770765941691794,-0.09785777039329485,0.7649609730208846
231,115.5,1.1905283079143123,0.6696376433563151,-0.21193155694837745,0.6795157446626833
232,116.0,1.017457939877791,0.5543115803081106,-0.2873826511101013,0.5956934810718723
233,116.5,0.8459776657024682,0.43637468596290785,-0.3118648231658909,0.5272739356867969
234,117.0,0.6920154158704112,0.32829000234962624,-0.2840406476058847,0.4856239760614189
235,117.5,0.5654483774781562,0.24352653014479259,-0.20398829178032607,0.4756080782337725
236,118.0,0.47733363097989817,0.19170412465560682,-0.07215031338386844,0.4974479617990681
237,118.5,0.4366458372186659,0.17408390212253189,0.10141319665776787,0.5481512087907653
238,119.0,0.47821296127692103,0.2278461629481941,0.34769153113413137,0.6302216633445961
239,119.5,0.5153291842761926,0.2683494600444318,0.5285522612793292,0.7104748902531539
240,120.0,0.4992235098450175,0.25045711610582777,0.649226751694999,0.765003712772792
241,120.5,0.5848050090156347,0.3116528368882927,0.7891396768212481,0.845177976118231
242,121.0,0.6954728116748987,0.3945160116185831,0.9016902131696937,0.9399493764483958
243,121.5,0.7987158942557823,0.4760951112368189,0.9736526529060346,1.020581184378397
244,122.0,0.8830485508094237,0.5414102185152367,1.0014965818240797,1.0817849533084491
245,122.5,0.9893592289019724,0.6148665922385647,1.011901177915438,1.1411871721823013
246,123.0,1.0955417873375561,0.6915513542170564,0.9995419433841761,1.2036939016155426
247,123.5,1.2107639406775768,0.7779657689279266,0.9739697827441259,1.2701709385109763
248,124.0,1.3199844945985502,0.8620833236244527,0.940033109337735,1.3653520478112493
249,124.5,1.4434775163024358,0.9587022420716056,0.8909743310085879,1.435167067249099
250,125.0,1.578246255067303,1.0586991125542113,0.8434900109347181,1.5079681944933045
251,125.5,1.697662036174884,1.1480612551254272,0.7505883016065841,1.5775784013599072
252,126.0,1.8381369032693715,1.2454300224064507,0.700591380968665,1.6463447759564545
253,126.5,1.9723484650488687,1.3333579183279187,0.6439018839583716,1.6988454381767915
254,127.0,2.1013616822290837,1.4050572618617123,0.5916534980917081,1.7300543204853678
255,127.5,2.213234118413875,1.4462126422214319,0.5369937226074677,1.738150596557105
256,128.0,2.2879984162851743,1.4531272672740358,0.4476164198054161,1.7230796026916886
257,128.5,2.3407549537010475,1.4196489736230111,0.3856237029611285,1.6668696573291506
258,129.0,2.35838215481952,1.3491033201489309,0.3241231599254817,1.5763510574217154
259,129.5,2.33967791850766,1.2410677105672863,0.2677773545916552,1.4563805207552172
260,130.0,2.2879411087840724,1.0986015573039878,0.22314627058177758,1.3091680357649862
261,130.5,2.153007334854983,0.8923033511538373,-0.15104186388823942,1.1397242117726716
262,131.0,2.0537669258860003,0.7133776238325161,-0.16679981965890694,0.9488333373440051
263,131.5,1.9439832445049983,0.5415310965318194,-0.1675388445835607,0.7599966472037137
264,132.0,1.8323728018033618,0.38906224998944167,-0.14888195743965107,0.587572420312744
265,132.5,1.731931850674228,0.26489809762459743,-0.10557077266359845,0.4393379659510681
266,133.0,1.6552601612441047,0.17681818690575238,-0.03911494062741829,0.3237015945931508
267,133.5,1.6081917183240297,0.13258335863078163,0.04383342075793078,0.25240800109463235
268,134.0,1.5901850263191046,0.13712029947980425,0.13865260278709754,0.23141302211332565
269,134.5,1.636381895611027,0.22848940439774154,0.2771847270715082,0.27194647286262974
270,135.0,1.6953926260351047,0.3334431641402272,0.39440348703225686,0.34235444546518834
271,135.5,1.7489006748551827,0.4425749368983674,0.49240524910854455,0.43107005432383033
272,136.0,1.8740192373369862,0.605412463277847,0.6090448777367174,0.5636144044653246
273,136.5,1.934281161410631,0.7280790461586686,0.6656572832165603,0.6820949188818947
274,137.0,1.986666836014661,0.8434539606945204,0.6986417534006285,0.7843054381602973
275,137.5,2.0243569333081397,0.9311928499871293,0.7100708281358563,0.8567553842845979
276,138.0,2.040913873114376,0.9909191999723425,0.6999934036565735,0.8993766237336966
277,138.5,1.9526563396450132,0.9477712794747625,0.672716717440002,0.9040704414649664
278,139.0,1.919846944252064,0.9508295604465169,0.6346744720491594,0.8795103896250747
279,139.5,1.8732971532267002,0.929869498718536,0.5940206772876837,0.8220393021795397
280,140.0,1.8209542660443947,0.8920964035160532,0.5609586296097007,0.7456467118723193
281,140.5,1.7684886191566644,0.8500834961277655,0.5456668291832898,0.6664512046008131
282,141.0,1.7217800439204214,0.8159154063031414,0.5549644696687077,0.5931147476265128
283,141.5,1.6522345861569139,0.755484010780943,0.5550453044468102,0.5119304440323756
284,142.0,1.636161490103411,0.7501997697679192,0.61388118417668,0.4701112133626223
285,142.5,1.641820291652224,0.7651257689166961,0.6941956210770353,0.46230364702619564
286,143.0,1.6680586080199944,0.804353880394165,0.7876627017468188,0.4841553700788937
287,143.5,1.6974642771047739,0.8615048702888407,0.8819939679528873,0.5351370635677334
288,144.0,1.7464776516295615,0.9427953836888311,0.964046852139436,0.6041200291991
289,144.5,1.8184452335759655,1.0274560350922737,1.045628182974178,0.6826959359929431
290,145.0,1.8949672293701019,1.109365526403842,1.1036161042773038,0.768019128742373
291,145.5,1.9734414536661136,1.1847010439682886,1.1287662685190154,0.8492781164735829
292,146.0,2.052324819485496,1.253460969665257,1.1208778387827,0.9200130878005922
293,146.5,2.129564385624621,1.313308245323507,1.0869372969004827,0.9793610779900392
294,147.0,2.203357032411629,1.3580275548355516,1.0318812542703262,1.0260618007503362
295,147.5,2.2733952589821316,1.3839111130167165,0.9565567049637087,1.0579639615348757
296,148.0,2.339544861523764,1.394170698980845,0.8648354258711595,1.0770741768490275
297,148.5,2.3993500729993893,1.3934283646702441,0.7659678406141045,1.0879302490343814
298,149.0,2.4480672245509076,1.3807643083974226,0.6674001222724906,1.0901363923243697
299,149.5,2.4812031271070536,1.3530687045516105,0.5705325628982769,1.0788594564692922
300,150.0,2.4963248693104654,1.313252215145053,0.4760130122825886,1.0535545957443433
301,150.5,2.49307268287132,1.269406255160248,0.3878322880998237,1.0199580181481103
302,151.0,2.3378888286128956,1.1800411480322246,0.27564540895288947,0.9668081337098858
303,151.5,2.2573130498086504,1.1015390949022,0.2454656072517149,0.9046954527491345
304,152.0,2.213469722665788,1.0647233782791763,0.18411390109564704,0.8601349669691994
305,152.5,2.1735057387605576,1.0457363537836715,0.13506150026032482,0.8282141460255923
306,153.0,2.155152168878762,1.0850892570458872,0.1190857034379892,0.82243295708831
307,153.5,2.166334477643146,1.1534224375205262,0.11722572124621593,0.8397916062946613
308,154.0,2.206058406874924,1.211901378173172,0.11284917471606888,0.8812499104001071
309,154.5,2.2725052741532155,1.2876391998500016,0.125181834811643,0.9610706548454042
310,155.0,2.3921145994648056,1.4045148755082333,0.15070854886779722,1.0800349761913688
311,155.5,2.5463546066784675,1.5457504847342534,0.18627082356299068,1.2275641031670208
312,156.0,2.726316502065101,1.7086749207300458,0.17869928270999733,1.3446893798119672
313,156.5,2.93865284147269,1.8665970952673732,0.19437866251738192,1.5071493731681134
314,157.0,3.1501063997050056,2.017412382915466,0.19836397214592646,1.667953149999317
315,157.5,3.341551231607881,2.1475002941931813,0.18959501734195014,1.8092234785070231
316,158.0,3.4968296729783654,2.2449423379442157,0.16611623728722066,1.9097602897407486
317,158.5,3.592080148681912,2.297864313261226,0.12551881282966926,1.9605137010186533
318,159.0,3.643861265141149,2.328657903179392,0.08857644724879855,1.9698341036730607
319,159.5,3.636069432876824,2.328035652191433,0.059504916614354066,1.9410413854666086
320,160.0,3.569309958641751,2.299114500413719,0.056307260920689974,1.8720286464821518
321,160.5,3.4585791666223242,2.2465627666442995,0.06981064965215028,1.7778341430329834
322,161.0,3.292644285007839,2.113040183011448,0.1242863793459877,1.671045708149842
323,161.5,3.133173941864433,2.0526828705828173,0.20493491828957003,1.578482932122228
324,162.0,2.9739283019761418,1.99722022191054,0.32005853661270683,1.5015716617792487
325,162.5,2.8102672518643708,1.9283777547216407,0.45784672490574685,1.4407909315310954
326,163.0,2.6994974778319576,1.9038489795486326,0.623403876061695,1.3977486119234908
327,163.5,2.618143041662195,1.8948449030758465,0.7919437723923716,1.3801267455401929
328,164.0,2.557418922186729,1.8983615070224462,0.9562895347211188,1.3853908104903188
329,164.5,2.5049093759605507,1.9048394880761619,1.1048839430731858,1.405630876175062
330,165.0,2.4996719021614937,1.924096692688275,1.2181017461570134,1.421552454827721
331,165.5,2.5117509971978755,1.9348331743466403,1.2942703536610851,1.428956224159564
332,166.0,2.5312457831783877,1.9313802734691017,1.3325369974583556,1.4221460711447345
333,166.5,2.5439823750040755,1.9107051101923467,1.333147457797459,1.3958579127458326
334,167.0,2.5414527027775695,1.8730340227890176,1.29923180382146,1.3484600705251355
335,167.5,2.5250864308402154,1.819132734788351,1.2387160074556463,1.2834472093904699
336,168.0,2.4989144774862866,1.7487497922864348,1.1617392606209698,1.2068726066753812
337,168.5,2.462004219672022,1.6678215878412277,1.0771812821114255,1.125952799783618
338,169.0,2.4120570009449214,1.5763863812398158,0.9858958430990591,1.0473756018351275
339,169.5,2.3543317253499723,1.4890473589105893,0.8924182868178481,0.9799786398638973
340,170.0,2.295992916934318,1.4120853359717567,0.805632023149064,0.9288562662964018
341,170.5,2.2511690105034057,1.3540238285306663,0.724913985022506,0.8977905874913046
342,171.0,2.2195737195746927,1.3154274293388213,0.65447834841448,0.8864493350749778
343,171.5,2.179017600954715,1.2796465467630633,0.584634958217037,0.8678727801844042
344,172.0,2.170594244550617,1.2847288092872977,0.5273923572825252,0.8908575195708008
345,172.5,2.1701341183251195,1.3100714744097053,0.4786367630208232,0.9309922367551301
346,173.0,2.1732197571532876,1.349590831616793,0.4402937054837264,0.9804031890546987
347,173.5,2.176961025769352,1.3968050195194583,0.4109467024041486,1.0314894835275359
348,174.0,2.1791308718239875,1.4479119769135658,0.388622011807153,1.081934300266143
349,174.5,2.1752690457406265,1.5022435225221311,0.37400071921741807,1.1340852559201273
350,175.0,2.160637694583928,1.55951299662082,0.36837353573558335,1.1885244933381158
351,175.5,2.135972856407231,1.617323624494059,0.37016513160916387,1.2398563930527853
352,176.0,2.04725487885686,1.6212568643049703,0.3818507897270924,1.2528331855029724
353,176.5,2.043549593479556,1.7003633945396839,0.4761772359950897,1.2800185927286643
354,177.0,2.0134651942288118,1.753397274800201,0.4809946004264989,1.3012717035589325
355,177.5,1.9827656950695667,1.813179932504143,0.48472182416409715,1.322722251500424
356,178.0,1.9542431540323288,1.8813416749919842,0.4901606736434721,1.3418718905478721
357,178.5,1.933390223164712,1.9559216527897159,0.502960623511711,1.3551771544490547
358,179.0,1.9230982218339938,2.033664882446985,0.5280056157134208,1.3651924458778386
359,179.5,1.961544161817299,2.1413939329239913,0.6032241806368054,1.3910130638791864
360,180.0,1.9687159945516628,2.2197495122022914,0.6518342360291471,1.409531265862107
361,180.5,1.9815612083473186,2.297163359092604,0.714759648760154,1.4325535881072913
362,181.0,2.0157238799857407,2.369005412641146,0.7598266481319735,1.4225743699442708
363,181.5,2.0370093778016636,2.428003876490461,0.8200384719539117,1.4371520441526509
364,182.0,2.048565487774289,2.4798274287602893,0.8984112253156945,1.4442564468812893
365,182.5,2.0576507729443985,2.518439677762532,0.967013669850984,1.4402367446814206
366,183.0,2.0621614572513054,2.543130821283381,1.0215456807625543,1.4205771273181234
367,183.5,2.0571218532573035,2.5524898957635855,1.0567182796103616,1.3817986454936626
368,184.0,2.038260660386577,2.545199058791621,1.0639368736200585,1.319132569048771
369,184.5,2.0047870875263096,2.5201248453675924,1.0364508569483382,1.2280142758458323
370,185.0,1.9575974112934682,2.47488480043328,0.9744082727042407,1.1099201175336895
371,185.5,1.8963428214544757,2.407092353294263,0.8835977299499815,0.9744555216429087
372,186.0,1.8205683390942276,2.3188619248556512,0.7716949962049675,0.8342230955446517
373,186.5,1.733880363164517,2.217702456702594,0.6472559769863349,0.7002276411348847
374,187.0,1.6452733748546564,2.1113574808601023,0.5204353512389461,0.5841406569707425
375,187.5,1.5895372382179984,2.0388086650365422,0.3903204799096627,0.5124613119790655
376,188.0,1.5265613685437465,1.9383232143763203,0.29770150621198616,0.4776540768578227
377,188.5,1.489421080269249,1.8605920275431345,0.23550455021931774,0.5004275450615457
378,189.0,1.4916053518955148,1.82236838800004,0.20808716447904715,0.5809867670024763
379,189.5,1.5355058875570635,1.8214222091675827,0.21549821461481364,0.7159675017256881
380,190.0,1.6203244966697692,1.8425718284231458,0.25633923481984283,0.9022571109697858
381,190.5,1.7601124841565106,1.9212285850718953,0.31843150003050097,1.1242285903289553
382,191.0,1.933823268321393,2.034964918290275,0.39953310533685726,1.3629741721700972
383,191.5,2.127402290190665,2.1714526424333505,0.4885378584414769,1.595113144881469
384,192.0,2.324176638749373,2.312381018806839,0.5728457859540367,1.8018439103769759
385,192.5,2.505313097480509,2.4432353140286094,0.645777732541366,1.9702789819260453
386,193.0,2.653166537455874,2.553281515106869,0.707875733374003,2.090607711757713
387,193.5,2.754929882420645,2.627938316921784,0.7607809088299557,2.155956746488756
388,194.0,2.8031492040366777,2.651630478441611,0.8039312345777289,2.165616696610128
389,194.5,2.749686209269847,2.5732766213027176,0.7710698666077928,2.115005990317059
390,195.0,2.6665186074374345,2.48451398937833,0.8040900760007529,2.030237799182576
391,195.5,2.539767625802868,2.3641963459233035,0.8444971460540833,1.9187075730347831
392,196.0,2.385675192917237,2.2203482797482743,0.8979126486724507,1.8019305795984857
393,196.5,2.2054956051296903,2.054873049935212,0.9632206785598078,1.68561323064457
394,197.0,2.0239714911303524,1.8948552205253903,1.0485646162880582,1.5835011365311495
395,197.5,1.831938206474719,1.7370809738426753,1.1363171588527579,1.4969456867922994
396,198.0,1.6394218147466157,1.5860147148655588,1.229283294665307,1.427131481798553
397,198.5,1.4797214637673897,1.4671318792445571,1.3335172254409944,1.3841041406086612
398,199.0,1.3407864832839103,1.3753449948862755,1.442001486346695,1.356729099571934
399,199.5,1.2246613913247282,1.316588588798759,1.5553936712851324,1.3412292275915998
400,200.0,1.1351551359432863,1.288647340592602,1.6761103147279723,1.336902558966366
